title,Color,overview
T-Shirt,Blue,A comfortable blue cotton T-shirt with a round neck.
Jeans,Black,A pair of black skinny jeans made from stretch denim.
Hoodie,Gray,A cozy gray hoodie with a front pocket and drawstrings.
Sundress,Floral,A floral print sundress perfect for a sunny day.
Sweater,Red,A warm red sweater made from soft wool.
Shorts,Khaki,Classic khaki shorts with a relaxed fit.
Blouse,White,A crisp white blouse with a button-up front.
Jacket,Leather,A stylish black leather jacket with a zippered front.
Skirt,Striped,A knee-length striped skirt in various shades.
Sneakers,White,White canvas sneakers with a rubber sole.
Dress,Green,A long green evening dress with a flowing silhouette.
Polo Shirt,Navy,A navy blue polo shirt with a logo on the chest.
Chinos,Beige,Beige chinos crafted from lightweight cotton.
Cardigan,Pink,A light pink cardigan with a V-neck and button closure.
Tank Top,Gray,An athletic gray tank top made from breathable fabric.
Sweatpants,Black,Black sweatpants for a casual and comfortable look.
High Heels,Red,Classic red high heels with a pointed toe.
Swim Trunks,Blue,Blue swim trunks perfect for a day at the beach.
Maxi Dress,Purple,A flowing purple maxi dress for a stylish look.
Cropped Jeans,Light Blue,Light blue cropped jeans with a distressed finish.
Button-down Shirt,Striped,A striped button-down shirt for a polished appearance.
Joggers,Gray,Comfortable gray joggers with an elastic waistband.
Ankle Boots,Brown,Brown leather ankle boots with a chunky heel.
Puffer Jacket,Black,A black puffer jacket with a hood for warmth in winter.
Pencil Skirt,Black,A classic black pencil skirt for a professional look.
Flannel Shirt,Plaid,A plaid flannel shirt for a cozy and casual style.
Leggings,Charcoal,Charcoal gray leggings perfect for workouts or lounging.
Peacoat,Navy,A navy blue peacoat for a timeless and sophisticated look.
Midi Skirt,Floral,A floral print midi skirt for a feminine touch.
V-neck Sweater,Beige,A beige V-neck sweater made from soft cashmere.
Cargo Pants,Olive,Comfortable olive green cargo pants with multiple pockets.
Shift Dress,White,A simple white shift dress for a minimalist look.
Rain Jacket,Yellow,A bright yellow rain jacket with a waterproof finish.
Capri Pants,Coral,Coral capri pants for a summery and vibrant style.
Graphic Tee,Black,A black graphic tee with a bold design on the front.
Bomber Jacket,Green,A green bomber jacket with ribbed cuffs and hem.
Ruffled Blouse,Blue,A blue ruffled blouse with a high neckline.
Culottes,Gray,Gray culottes with a wide leg for a trendy look.
Mock Neck Sweater,Burgundy,A burgundy mock neck sweater for a cozy feel.
Denim Jacket,Distressed,A distressed denim jacket with a worn-in look.
Wrap Dress,Polka Dot,A polka dot wrap dress for a playful and chic style.
Polo Dress,Light Pink,A light pink polo dress for a sporty yet feminine look.
Crewneck Sweatshirt,Maroon,A maroon crewneck sweatshirt for a laid-back vibe.
Cargo Shorts,Khaki,Khaki cargo shorts with plenty of pocket space.
Espadrilles,Striped,Striped espadrilles for a nautical and summery feel.
Wide-leg Pants,Navy,Navy wide-leg pants for a sophisticated look.
Turtleneck,Charcoal,A charcoal turtleneck sweater for a cozy winter outfit.
Pajama Set,Striped,A striped pajama set for a comfortable night's sleep.
Jumpsuit,Denim,A denim jumpsuit with a tie waist for a trendy look.
Flats,Nude,Classic nude flats for a versatile and comfortable option.
Halter Top,Red,A red halter top for a bold and stylish statement.
Khaki Jacket,Utility,A utility-style khaki jacket with multiple pockets.
Sweatshirt Dress,Heather Gray,A heather gray sweatshirt dress for a sporty-chic look.
Printed Leggings,Abstract,Abstract printed leggings for a unique and bold style.
Trench Coat,Beige,A beige trench coat for a timeless and elegant appearance.
Romper,Floral,A floral print romper for a playful and feminine outfit.
Athletic Shorts,Blue,A blue pair of athletic shorts for workouts or casual wear.
Pullover Sweater,Mustard,A mustard pullover sweater for a pop of color.
Cropped Hoodie,Purple,A cropped purple hoodie for a trendy and casual style.
Shirtdress,Striped,Striped shirtdress with a belt for a polished look.
Slingback Sandals,White,White slingback sandals for a summer-ready outfit.
Quilted Vest,Gray,A gray quilted vest for added warmth without bulk.
Tie-dye T-Shirt,Rainbow,A tie-dye T-shirt with a vibrant rainbow pattern.
Silk Blouse,Navy,Navy silk blouse with a delicate sheen for a sophisticated touch.
Cargo Skirt,Olive,An olive green cargo skirt with utility-inspired details.
Lace Dress,Black,A black lace dress for a feminine and elegant look.
Bucket Hat,Beige,A beige bucket hat for a cool and casual accessory.
Cowl Neck Sweater,Teal,A teal cowl neck sweater for a cozy and stylish ensemble.
Puffer Vest,Orange,An orange puffer vest for a sporty and warm layering option.
Plaid Scarf,Red,Red plaid scarf to add a touch of warmth and style.
Pleated Skirt,Green,A green pleated skirt for a stylish and feminine look.
Denim Shorts,Light Blue,Light blue denim shorts with a frayed hem.
Tunic Top,Maroon,A maroon tunic top with three-quarter sleeves.
Cropped Trousers,Beige,Beige cropped trousers for a chic and comfortable fit.
Ruffle Sleeve Blouse,White,A white blouse with ruffle sleeves for an elegant touch.
Puffer Coat,Black,A black puffer coat with a faux fur-lined hood for warmth.
Boho Dress,Multi-color,A multi-color boho dress with floral patterns.
Cargo Jacket,Army Green,An army green cargo jacket with adjustable waist ties.
Sweat Shorts,Gray,Comfortable gray sweat shorts for lounging.
Linen Shirt,Light Pink,A light pink linen shirt for a breezy and casual style.
Maxi Skirt,Black,A black maxi skirt for a versatile and elegant outfit.
Biker Jeans,Dark Gray,Dark gray biker jeans with zipper details.
Off-shoulder Top,Blue,Blue off-shoulder top with a relaxed fit.
Windbreaker Jacket,Orange,An orange windbreaker jacket for a sporty look.
Wide-brim Hat,Beige,A beige wide-brim hat for sun protection and style.
Cropped Cardigan,Pastel Yellow,A pastel yellow cropped cardigan for a cute ensemble.
Pleather Leggings,Black,Black pleather leggings for a bold and edgy style.
Shift Blouse,Striped,A striped shift blouse with a boat neck.
Tailored Suit,Charcoal Gray,A charcoal gray tailored suit for a polished appearance.
Jogger Jumpsuit,Black,A black jogger jumpsuit for a comfortable yet trendy look.
Retro Sneakers,White/Green,White sneakers with green accents for a retro vibe.
Flounce Dress,Coral,A coral flounce dress with a flowy silhouette.
Varsity Jacket,Navy/Athletic Gray,A navy and athletic gray varsity jacket for a sporty look.
Polka Dot Blouse,Black/White,A black and white polka dot blouse for a classic style.
Corduroy Pants,Burgundy,Burgundy corduroy pants for a textured and cozy feel.
Kimono Robe,Floral,Floral kimono robe for a relaxed and bohemian look.
Midi Wrap Skirt,Teal,A teal midi wrap skirt with a tie closure.
Sweatshirt Hoodie,Heather Blue,A heather blue sweatshirt hoodie for casual comfort.
Flared Jumpsuit,Navy,A navy flared jumpsuit with a cinched waist.
Tie-front Blouse,Mauve,Mauve tie-front blouse for a feminine touch.
Parka Coat,Olive Green,An olive green parka coat with a faux fur-lined hood.
Asymmetric Dress,Black,A black asymmetric dress with a modern design.
Cargo Joggers,Charcoal,Charcoal cargo joggers for a casual and utility-inspired look.
Mesh Top,Black,A black mesh top for a trendy and edgy style.
Cowl Neck Dress,Gray,Gray cowl neck dress for a chic and cozy outfit.
Fishnet Stockings,Black,Black fishnet stockings for a bold accessory.
Ribbed Sweater,Purple,Purple ribbed sweater for a textured and cozy feel.
Turtleneck Dress,Maroon,A maroon turtleneck dress for a sophisticated look.
Anorak Jacket,Khaki,Khaki anorak jacket for a casual and outdoorsy style.
Pleated Culottes,Navy,Navy pleated culottes for a fashionable and comfortable fit.
Striped Romper,Red/White,A red and white striped romper for a playful look.
Faux Leather Skirt,Black,Black faux leather skirt for an edgy and stylish outfit.
One-shoulder Top,Yellow,A yellow one-shoulder top for a bold and modern look.
Harem Pants,Printed,Printed harem pants for a bohemian and relaxed style.
Strapless Jumpsuit,Black,A black strapless jumpsuit for a sleek and stylish appearance.
Oversized Sweater,Charcoal Gray,A charcoal gray oversized sweater for a cozy vibe.
Tie-dye Hoodie,Rainbow,A rainbow tie-dye hoodie for a vibrant and casual look.
Wrap Top,Forest Green,A forest green wrap top with a tie closure.
Trench Dress,Beige,A beige trench dress for a sophisticated and timeless outfit.
Plaid Mini Skirt,Red/Navy,A red and navy plaid mini skirt for a preppy style.
Cropped Blazer,White,A white cropped blazer for a modern and polished ensemble.
Tie-front Midi Dress,Mustard,A mustard tie-front midi dress for a trendy look.
Leopard Print Blouse,Brown/Black,A brown and black leopard print blouse for a bold style.
Twill Shorts,Olive,Comfortable olive twill shorts for a casual summer look.
Asymmetric Sweater,Teal,Teal asymmetric sweater for a contemporary and cozy feel.
Cropped Flare Pants,Beige,Beige cropped flare pants for a stylish and versatile option.
Patchwork Jeans,Blue,Blue patchwork jeans with a vintage-inspired design.
Silk Camisole,Navy,Navy silk camisole for a luxurious and elegant look.
Paperbag Waist Shorts,Striped,Striped paperbag waist shorts for a trendy and flattering fit.
Collared Jumpsuit,Black,A black collared jumpsuit for a chic and sophisticated style.
Faux Fur Vest,Ivory,A faux fur ivory vest for a glamorous and cozy layering option.
Cutout Sweater,Black,Black cutout sweater for a trendy and edgy look.
Ballet Flats,Nude,Nude ballet flats for a classic and comfortable choice.
Ruffled Maxi Dress,Pink,A pink ruffled maxi dress for a romantic and feminine outfit.
Wide-leg Jumpsuit,Printed,A printed wide-leg jumpsuit for a statement look.
Tweed Jacket,Gray,Gray tweed jacket for a sophisticated and timeless appearance.
Draped Blouse,Plum,Plum draped blouse for a flowy and elegant ensemble.
Poncho Sweater,Beige,Beige poncho sweater for a cozy and bohemian style.
Crop Top Hoodie,Light Gray,A light gray crop top hoodie for a sporty and casual vibe.
Knit Pencil Skirt,Burgundy,Burgundy knit pencil skirt for a comfortable and chic option.
Floral Kimono,Black,A black floral kimono for a stylish and versatile layering piece.
Sequin Dress,Silver,Silver sequin dress for a glamorous and festive look.
Fishtail Skirt,Navy,A navy fishtail skirt for an elegant and flattering silhouette.
Cuffed Jogger Pants,Charcoal,Charcoal cuffed jogger pants for a laid-back and trendy style.
Sweater,Blue,A cozy blue sweater with a cable-knit pattern.
Leather Jacket,Black,A classic black leather jacket with a zippered front.
Jeans,Dark Indigo,A pair of dark indigo denim jeans with a slim fit.
T-Shirt,White,A basic white T-shirt made from soft cotton.
Pencil Skirt,Gray,A gray pencil skirt for a professional and polished look.
Hoodie,Green,A comfortable green hoodie with a kangaroo pocket.
Dress,Red,A vibrant red dress with a fit-and-flare silhouette.
Blouse,Floral,A floral print blouse with a V-neck and short sleeves.
Chinos,Beige,Beige chinos for a casual and versatile style.
Cardigan,Pink,A light pink cardigan with button closure and ribbed cuffs.
Ankle Boots,Brown,Brown ankle boots with a stacked heel and side zipper.
Polo Shirt,Striped,A striped polo shirt for a sporty and casual look.
Jumpsuit,Black,A black jumpsuit with a cinched waist and wide-leg pants.
Sneakers,Gray,Gray sneakers with a lace-up closure and cushioned sole.
Skirt,Polka Dot,A polka dot skirt with a flared hem for a playful style.
Blazer,Navy,A navy blazer for a sophisticated and professional appearance.
Shorts,Khaki,Classic khaki shorts with a tailored fit.
Sweatshirt,Heather Gray,A heather gray sweatshirt with a crew neckline.
Maxi Dress,Teal,A long teal maxi dress with a halter neck design.
Flats,Black,Black ballet flats for a comfortable and chic option.
Button-down Shirt,Light Blue,A light blue button-down shirt with long sleeves.
Cargo Pants,Olive,Comfortable olive green cargo pants with multiple pockets.
Trench Coat,Beige,A beige trench coat for a timeless and elegant look.
Pullover,Maroon,A maroon pullover with a relaxed fit and ribbed hem.
Capris,White,White capris for a summery and casual style.
Tank Top,Striped,A striped tank top with a scoop neck for a casual look.
Denim Jacket,Medium Wash,A medium-wash denim jacket with button closure.
Wrap Dress,Black,A black wrap dress with a tie closure for a flattering fit.
Flannel Shirt,Plaid,A plaid flannel shirt with a button-up front.
Pants,Charcoal Gray,Charcoal gray pants with a straight-leg silhouette.
Peacoat,Gray,A gray peacoat with double-breasted buttons for warmth.
Sweatpants,Navy,Navy sweatpants with an elastic waistband for comfort.
Midi Skirt,Printed,A printed midi skirt with a high waist for a trendy look.
Poncho,Neutral,A neutral-toned poncho for a cozy and bohemian style.
Turtleneck,Charcoal,A charcoal turtleneck sweater for warmth and style.
Shift Dress,Striped,A striped shift dress for an easy and chic ensemble.
Raincoat,Yellow,A yellow raincoat with a hood for protection from the rain.
Cropped Pants,Black,Black cropped pants with a tailored fit.
Athletic Shorts,Black,Black athletic shorts for workouts or casual wear.
V-neck Top,Navy,Navy V-neck top with three-quarter sleeves.
Joggers,Heather Gray,Heather gray joggers for a comfortable and casual look.
Wrap Skirt,Denim,A denim wrap skirt with a tie closure for a trendy style.
Ruffle Blouse,White,A white ruffle blouse with a button-up front.
Cargo Jacket,Camouflage,A camouflage cargo jacket for a military-inspired look.
Sweater Dress,Burgundy,A burgundy sweater dress with a cozy and chic design.
Culottes,Navy,Navy culottes with a wide leg for a fashionable look.
Polo Dress,Black,A black polo dress for a sporty and casual vibe.
Cropped Sweater,Purple,A cropped purple sweater for a modern and trendy style.
Jogging Suit,Gray,A gray jogging suit with a zip-up hoodie and matching pants.
High Heels,Black,Classic black high heels for a sophisticated look.
Chambray Shirt,Light Blue,A light blue chambray shirt with a button-down front.
Romper,Floral,A floral print romper for a playful and feminine outfit.
Slingback Sandals,Nude,Nude slingback sandals for a versatile and stylish choice.
Printed Leggings,Abstract,Abstract printed leggings for a bold and unique style.
Shift Skirt,Black,A black shift skirt with a straight silhouette.
Cropped Blouse,Blue,A blue cropped blouse with short flutter sleeves.
Quilted Vest,Gray,A gray quilted vest for a lightweight and stylish layer.
Graphic Tee,Gray,A gray graphic T-shirt with a cool design.
Wide-leg Pants,Printed,Printed wide-leg pants for a statement look.
Wrap Top,Red,A red wrap top with a tie closure for a bold and trendy style.
Dungarees,Denim,Denim dungarees for a casual and playful look.
Puffer Jacket,Navy,A navy puffer jacket with a hood for warmth in winter.
Midi Dress,Striped,A striped midi dress for a chic and versatile ensemble.
Corduroy Jacket,Brown,Brown corduroy jacket for a textured and retro look.
Sweatshirt Hoodie,Maroon,A maroon sweatshirt hoodie for a sporty and casual vibe.
Kimono,Floral,Floral print kimono for a stylish and bohemian layering piece.
Halter Neck Top,Yellow,A yellow halter neck top for a summery and vibrant look.
Cropped Turtleneck,Beige,A beige cropped turtleneck sweater for a cozy and modern style.
Cargo Skirt,Green,Green cargo skirt with utility-inspired details.
Tie-dye Shirt,Rainbow,A tie-dye shirt with a vibrant rainbow pattern.
